{
  "20000033": [
    {
      "xoffset": [
        20.97,
        254.652,
        190.989
      ],
      "gain": [
        0.112359550561798,
        0.000677352122178066,
        0.0231945910213738
      ],
      "ymin": -1
    },
    [
      -0.21191359136442939,
      -1.5526546529429426
    ],
    [
      [
        0.10245197572317664,
        -4.4544652475059783,
        -0.13620738107831648
      ],
      [
        -0.0034438731975011804,
        -1.3751378458013188,
        0.0316257066411593
      ]
    ],
    -0.679443320046316,
    [
      -0.56600520029654888,
      -1.1221763802484566
    ],
    {
      "ymin": -1,
      "gain": 0.000133333333333333,
      "xoffset": 0
    }
  ]
}